index,u,v
0,0.379543,0.407755
1,0.462500,0.403569
2,0.553125,0.399664
3,0.583146,0.408667
4,0.607445,0.416406
8,0.378906,0.499219
9,0.462355,0.499132
10,0.553175,0.499370
11,0.583854,0.499219
12,0.608152,0.499366
16,0.379477,0.590835
17,0.462419,0.594926
18,0.553125,0.598774
19,0.583106,0.589730
20,0.607445,0.582031