index,u,v
4,0.402948,0.402948
5,0.499066,0.403125
6,0.595443,0.402882
12,0.403125,0.499371
13,0.498910,0.499508
14,0.595313,0.499371
20,0.402948,0.595489
21,0.499219,0.595313
22,0.595489,0.595489