index,u,v
2,0.402948,0.402948
3,0.499066,0.403125
4,0.595443,0.402882
10,0.403125,0.499371
11,0.498910,0.499508
12,0.595313,0.499371
18,0.402948,0.595489
19,0.499219,0.595313
20,0.595489,0.595489