index,u,v
0,0.376423,0.412551
1,0.432862,0.405936
2,0.499077,0.398390
3,0.565281,0.405994
4,0.621936,0.412367
8,0.375883,0.499219
9,0.432381,0.499136
10,0.499219,0.499219
11,0.565985,0.499380
12,0.622396,0.499095
16,0.376331,0.585995
17,0.433034,0.592808
18,0.499077,0.600047
19,0.565403,0.592808
20,0.622002,0.586238