index,u,v
0,0.402948,0.402948
1,0.499066,0.403125
2,0.595443,0.402882
8,0.403125,0.499371
9,0.498910,0.499508
10,0.595313,0.499371
16,0.402948,0.595489
17,0.499371,0.595313
18,0.595489,0.595489